{"cameraMode":{"drawMode":0,"name":"Shaded","section":"Shading Mode"},"sceneLighting":true,"audioPlay":false,"sceneViewState":{"m_AlwaysRefresh":false,"showFog":true,"showSkybox":true,"showFlares":true,"showImageEffects":true,"showParticleSystems":true,"showVisualEffectGraphs":true,"m_FxEnabled":true},"in2DMode":false,"pivot":{"x":577.1504516601563,"y":1.6213741302490235,"z":500.49639892578127},"rotation":{"x":-0.22204238176345826,"y":0.7769909501075745,"z":-0.43800297379493716,"w":-0.3939063251018524},"size":22.895776748657228,"orthographic":false}